{"EditorX":-490.98321342925664,"EditorY":-96.66666666666666,"EditorZ":1.9172413793103449,"Nodes":[{"NodeID":1,"X":7.3333333333333,"Y":-66.66666666666666},{"NodeID":2,"X":-202.00000000000006,"Y":-21.99999999999998}]}