{"EditorX":-333.3702803165945,"EditorY":-75.77617170151683,"EditorZ":1.704914441985403,"Nodes":[{"NodeID":1,"X":-453.6666666666667,"Y":-31.333333333333307},{"NodeID":2,"X":-32.33333333333326,"Y":-126.66666666666669},{"NodeID":3,"X":207.66666666666674,"Y":-38.666666666666686},{"NodeID":4,"X":-244.33333333333326,"Y":-75.33333333333331}]}