{"EditorX":-401.8333333333333,"EditorY":-201.33333333333334,"EditorZ":2.0,"Nodes":[{"NodeID":1,"X":-335.3333333333333,"Y":-75.49999999999999},{"NodeID":3,"X":-125.99999999999993,"Y":-75.49999999999999},{"NodeID":4,"X":118.33333333333337,"Y":-119.5},{"NodeID":5,"X":89.33333333333337,"Y":42.166666666666664}]}