{"EditorX":-516.7547169811296,"EditorY":-170.70440251572336,"EditorZ":1.2926829268292683,"Nodes":[{"NodeID":1,"X":-442.99999999999994,"Y":-31.333333333333307},{"NodeID":2,"X":-233.66666666666652,"Y":-134.0},{"NodeID":4,"X":257.6666666666667,"Y":-31.33333333333335},{"NodeID":5,"X":48.33333333333344,"Y":-31.333333333333343}]}