{"EditorX":-470.66666666666674,"EditorY":-92.66666666666667,"EditorZ":2.0,"Nodes":[{"NodeID":0,"X":-202.00000000000006,"Y":-21.999999999999986},{"NodeID":2,"X":7.3333333333333,"Y":-48.0}]}