{"EditorX":-468.5,"EditorY":-187.33333333333334,"EditorZ":2.0,"Nodes":[{"NodeID":0,"X":-197.33333333333331,"Y":-31.33333333333333},{"NodeID":1,"X":11.999999999999957,"Y":-31.333333333333336}]}