{"EditorX":-2053.7345378285813,"EditorY":-310.9311227793285,"EditorZ":0.8257059396299906,"Nodes":[{"NodeID":0,"X":-197.33333333333331,"Y":41.66666666666667},{"NodeID":1,"X":11.999999999999957,"Y":-31.33333333333336},{"NodeID":54,"X":11.999999999999957,"Y":41.66666666666664},{"NodeID":56,"X":11.999999999999957,"Y":-104.33333333333334}]}